"First Name","Last Name","Order Date","Number of Products Ordered"
"Mary","Victoria","2024-10-10","2"
"Mary","Lawrence","2024-10-29","2"
"Mary","Frank","2024-10-14","2"
"James","Roger","2024-10-19","2"
"Mary","Johnson","2024-10-02","2"
"Mary","Judith","2024-10-31","2"
"James","Megan","2024-10-14","2"
"Mary","Wilson","2024-10-20","2"
"James","Jones","2024-10-04","2"
"Mary","Alice","2024-10-23","2"
"James","Raymond","2024-10-23","2"
"James","Gonzalez","2024-10-05","2"
"Mary","Wayne","2024-10-24","2"
"James","Victoria","2024-10-26","2"
"John","Thomas","2024-10-24","2"
"Mary","Ruth","2024-10-26","2"
"James","Julia","2024-10-07","2"
"James","Jackson","2024-10-07","2"
"James","Anderson","2024-10-15","2"
"John","Lopez","2024-10-20","2"
"John","Lauren","2024-11-01","2"
"Mary","Henry","2024-11-01","2"
"James","Jackson","2024-10-10","2"
"Mary","Madison","2024-10-26","2"
"James","Taylor","2024-10-30","2"
"Mary","Miller","2024-10-24","2"
"James","Wayne","2024-10-10","2"
"John","Anderson","2024-11-02","2"
"James","Madison","2024-10-27","2"
"Mary","Keith","2024-10-07","2"
"James","Christina","2024-10-25","2"
"James","Virginia","2024-10-20","2"
"Mary","Anna","2024-10-12","2"
"James","Scott","2024-10-07","2"
"James","Johnson","2024-10-13","2"
"James","Christina","2024-10-29","2"
"James","Jackson","2024-11-03","2"
"James","Abigail","2024-10-21","2"
"John","Jackson","2024-11-01","2"
"John","Henry","2024-10-30","2"
"John","Dorothy","2024-10-26","2"
"Mary","Abigail","2024-10-09","2"
"James","Davis","2024-10-17","2"
"Mary","Ralph","2024-10-21","2"
"James","Keith","2024-11-04","2"
"James","Diana","2024-10-18","2"
"John","Miller","2024-10-16","2"
"Mary","Philip","2024-10-13","2"
"Mary","Victoria","2024-10-17","2"
"Mary","Brown","2024-11-01","2"
"James","Amy","2024-10-15","2"
"James","Frank","2024-10-07","2"
"Mary","Roger","2024-10-13","2"
"John","Thomas","2024-10-18","2"
"James","Rose","2024-10-16","2"
"Mary","Dennis","2024-10-20","2"
"Mary","Keith","2024-10-25","2"
"James","Isabella","2024-10-03","2"
"John","Alexander","2024-11-01","2"
"Mary","Ruth","2024-11-01","2"
"James","Benjamin","2024-10-24","2"
"John","Lawrence","2024-10-12","2"
"Mary","Natalie","2024-10-26","2"
"James","Garcia","2024-10-05","2"
"James","Martin","2024-10-28","2"
"Mary","Dorothy","2024-11-02","2"
"Mary","Alexander","2024-10-18","2"
"Mary","Frank","2024-10-23","2"
"Mary","Harold","2024-10-27","2"
"Mary","Jones","2024-10-14","2"
"Mary","Brown","2024-10-29","2"
"James","Diana","2024-10-02","2"
"Mary","Judith","2024-10-01","2"
"Mary","Keith","2024-10-31","2"
"Mary","Virginia","2024-10-01","2"
"Mary","Martin","2024-10-25","2"
"James","Virginia","2024-10-15","2"
"John","Sophia","2024-11-03","2"
"James","Virginia","2024-10-19","2"
"John","Garcia","2024-10-15","2"
"James","Wayne","2024-10-12","2"
"John","Johnson","2024-10-13","2"
"Mary","Davis","2024-10-16","2"
"Mary","Julia","2024-10-28","2"
"John","Lauren","2024-10-24","2"
"James","Douglas","2024-10-23","2"
"Mary","Rose","2024-11-02","2"
"Mary","Dennis","2024-10-28","2"
"Mary","Williams","2024-10-15","2"
"Mary","Walter","2024-10-10","2"
"James","Martin","2024-10-12","2"
"James","Wayne","2024-10-07","2"
"James","Jackson","2024-10-02","2"
"James","Jane","2024-10-04","2"
"James","Judith","2024-10-14","2"
"James","Anderson","2024-10-28","2"
"James","Victoria","2024-10-09","2"
"James","Jones","2024-10-22","2"
"Mary","Scott","2024-10-31","2"
"John","Frank","2024-10-18","2"
"James","Victoria","2024-11-03","2"
"James","Johnson","2024-10-24","2"
"Mary","Raymond","2024-10-12","2"
"Mary","Alice","2024-10-18","2"
"Mary","Dennis","2024-10-23","2"
"Mary","Jane","2024-10-06","2"
"James","Davis","2024-10-22","2"
"Mary","Alice","2024-10-03","2"
"James","Grace","2024-10-05","2"
"Mary","Lauren","2024-10-04","2"
"James","Arthur","2024-10-12","2"
"James","Dennis","2024-10-17","2"
"Mary","Benjamin","2024-10-02","2"
"John","Williams","2024-10-09","2"
"James","Diana","2024-10-14","2"
"James","Ruth","2024-10-23","2"
"James","Amy","2024-10-28","2"
"James","Johnson","2024-10-24","2"
"Mary","Hernandez","2024-10-02","2"
"James","Benjamin","2024-10-12","2"
"Mary","Garcia","2024-10-04","2"
"John","Williams","2024-10-14","2"
"Mary","Henry","2024-10-17","2"
"Mary","Evelyn","2024-10-12","2"
"Mary","Abigail","2024-10-29","2"
"Mary","Raymond","2024-10-16","2"
"James","Jane","2024-10-19","2"
"James","Raymond","2024-10-18","2"
"James","Victoria","2024-10-08","2"
"James","Christina","2024-10-12","2"
"Mary","Terry","2024-10-24","2"
"John","Garcia","2024-10-18","2"
"James","Madison","2024-10-30","2"
"James","Jackson","2024-10-28","2"
"John","Douglas","2024-10-15","2"
"Mary","Hernandez","2024-11-04","2"
"James","Gonzalez","2024-10-09","2"
"James","Judith","2024-10-02","2"
"Mary","Taylor","2024-10-16","2"
"James","Brown","2024-10-06","2"
"Mary","Samuel","2024-10-22","2"
"Mary","Rose","2024-10-04","2"
"Mary","Lopez","2024-10-09","2"
"James","Benjamin","2024-10-13","2"
"Mary","Arthur","2024-10-04","2"
"James","Virginia","2024-10-11","2"
"James","Brown","2024-10-04","2"
"Mary","Jackson","2024-10-03","2"
"John","Harold","2024-10-07","2"
"James","Wayne","2024-10-09","2"
"Mary","Dorothy","2024-10-13","2"
"James","Anna","2024-10-03","2"
"Mary","Lauren","2024-11-04","2"
"Mary","Henry","2024-10-24","2"
"James","Alice","2024-11-01","2"
"John","Davis","2024-10-14","2"
"James","Alexander","2024-10-01","2"
"James","Martin","2024-10-22","2"
"John","Bruce","2024-11-03","2"
"James","Samuel","2024-10-02","2"
"Mary","Virginia","2024-10-25","2"
"James","Anderson","2024-10-02","2"
"James","Samuel","2024-10-09","2"
"Mary","Lawrence","2024-10-07","2"
"Mary","Peter","2024-10-02","2"
"Mary","Terry","2024-10-02","2"
"John","Grace","2024-10-13","2"
"James","Moore","2024-10-21","2"
"James","Davis","2024-10-28","2"
"James","Jones","2024-10-09","2"
"James","Rodriguez","2024-11-02","2"
"Mary","Harold","2024-11-02","2"
"James","Sophia","2024-10-03","2"
"Mary","Ruth","2024-10-11","2"
"John","Maria","2024-10-23","2"
"James","Peter","2024-10-07","2"
"James","Ruth","2024-10-29","2"
"Mary","Garcia","2024-10-11","2"
"James","Miller","2024-10-18","2"
"James","Rodriguez","2024-10-11","2"
"John","Judith","2024-10-30","2"
"Mary","Maria","2024-10-29","2"
"Mary","Madison","2024-10-20","2"
"James","Megan","2024-10-27","2"
"Mary","Hernandez","2024-10-01","2"
"James","Samuel","2024-10-24","2"
"Mary","Johnson","2024-10-31","2"
"James","Gregory","2024-10-24","2"
"James","Wayne","2024-10-16","2"
"John","Bruce","2024-10-14","2"
"James","Roger","2024-10-07","2"
"James","Virginia","2024-10-30","2"
"James","Alexander","2024-10-01","2"
"Mary","Lopez","2024-10-05","2"
"James","Lauren","2024-10-12","2"
"John","Lauren","2024-10-22","2"
"Mary","Walter","2024-10-05","2"
"James","Evelyn","2024-10-06","2"
"Mary","Terry","2024-10-10","2"
"James","Moore","2024-10-11","2"
"Mary","Douglas","2024-10-02","2"
"Mary","Alice","2024-10-15","2"
"Mary","Peter","2024-10-31","2"
"Mary","Arthur","2024-10-16","2"
"Mary","Philip","2024-10-31","2"
"John","Johnson","2024-10-25","2"
"James","Arthur","2024-10-28","2"
"Mary","Virginia","2024-10-15","2"
"James","Miller","2024-10-03","2"
"James","Philip","2024-10-05","2"
"James","Martin","2024-10-14","2"
"Mary","Jackson","2024-10-16","2"
"Mary","Jones","2024-10-15","2"
"Mary","Ralph","2024-10-13","2"
"Mary","Julia","2024-10-30","2"
"Mary","Walter","2024-10-26","2"
"Mary","Brown","2024-10-20","2"
"John","Jane","2024-10-12","2"
"Mary","Diana","2024-10-22","2"
"James","Jackson","2024-10-29","2"
"James","Brown","2024-10-02","2"
"James","Dorothy","2024-10-21","2"
"James","Wilson","2024-10-20","2"
"Mary","Gerald","2024-11-02","2"
"James","Henry","2024-10-13","2"
"James","Scott","2024-10-09","2"
"James","Garcia","2024-10-18","2"
"James","Roger","2024-10-08","2"
"James","Johnson","2024-10-18","2"
"Mary","Walter","2024-11-01","2"
"Mary","Rodriguez","2024-10-12","2"
"James","Dorothy","2024-10-21","2"
"James","Rose","2024-11-01","2"
"Mary","Gerald","2024-10-01","2"
"John","Bruce","2024-10-09","2"
"James","Jackson","2024-10-25","2"
"Mary","Roger","2024-10-05","2"
"James","Peter","2024-10-11","2"
"John","Lawrence","2024-11-03","2"
"James","Evelyn","2024-10-22","2"
"John","Alexander","2024-11-01","2"
"Mary","Scott","2024-10-07","2"
"Mary","Miller","2024-10-01","2"
"James","Terry","2024-10-01","2"
"Mary","Jane","2024-11-02","2"
"James","Thomas","2024-10-21","2"
"Mary","Grace","2024-10-26","2"
"John","Brown","2024-11-03","2"
"Mary","Williams","2024-10-07","2"
"Mary","Gregory","2024-10-22","2"
"John","Anderson","2024-10-27","2"
"James","Madison","2024-10-03","2"
"James","Cynthia","2024-10-02","2"
"John","Gonzalez","2024-10-19","2"
"Mary","Madison","2024-10-18","2"
"James","Abigail","2024-10-10","2"
"Mary","Miller","2024-10-24","2"
"James","Rodriguez","2024-11-03","2"
"James","Terry","2024-10-26","2"
"James","Martinez","2024-10-13","2"
"Mary","Julia","2024-10-30","2"
"Mary","Walter","2024-10-05","2"
"John","Terry","2024-10-02","2"
"John","Diana","2024-10-30","2"
"Mary","Keith","2024-10-11","2"
"Mary","Gerald","2024-10-07","2"
"Mary","Jones","2024-10-14","2"
"Mary","Davis","2024-10-17","2"
"Mary","Anderson","2024-10-03","2"
"Mary","Wilson","2024-10-16","2"
"James","Dennis","2024-10-02","2"
"Mary","Peter","2024-10-09","2"
"John","Anderson","2024-10-29","2"
"Mary","Maria","2024-10-04","2"
"James","Cynthia","2024-10-17","2"
"Mary","Victoria","2024-10-23","2"
"Mary","Keith","2024-10-01","2"
"Mary","Bruce","2024-10-25","2"
"James","Dennis","2024-10-12","2"
"John","Harold","2024-10-20","2"
"James","Thomas","2024-10-15","2"
"Mary","Walter","2024-11-04","2"
"Mary","Cynthia","2024-10-11","2"
"James","Alexander","2024-10-13","2"
"James","Abigail","2024-10-10","2"
"Mary","Johnson","2024-10-12","2"
"James","Jones","2024-10-23","2"
"Mary","Gregory","2024-10-22","2"
"Mary","Benjamin","2024-10-31","2"
"Mary","Gerald","2024-10-13","2"
"James","Lopez","2024-10-21","2"
"Mary","Jones","2024-10-25","2"
"Mary","Gonzalez","2024-10-03","2"
"Mary","Amy","2024-10-03","2"
"Mary","Julia","2024-10-08","2"
"James","Walter","2024-11-02","2"
"James","Martin","2024-10-06","2"
"James","Wilson","2024-10-24","2"
"James","Philip","2024-10-22","2"
"James","Victoria","2024-10-05","2"
"James","Amy","2024-10-18","2"
"James","Ruth","2024-10-05","2"
"James","Peter","2024-10-20","2"
"John","Anderson","2024-10-21","2"
"James","Sophia","2024-10-27","2"
"Mary","Virginia","2024-10-21","2"
"Mary","Scott","2024-10-23","2"
"James","Gonzalez","2024-11-03","2"
"James","Alexander","2024-10-08","2"
"Mary","Thomas","2024-11-01","2"
"James","Bruce","2024-10-20","2"
"James","Ralph","2024-10-08","2"
"James","Samuel","2024-10-14","2"
"James","Judith","2024-10-15","2"
"James","Dorothy","2024-10-08","2"
"James","Gregory","2024-10-27","2"
"James","Thomas","2024-10-10","2"
"James","Ruth","2024-10-10","2"
"James","Harold","2024-11-03","2"
"Mary","Lawrence","2024-11-01","2"
"John","Johnson","2024-10-04","2"
"Mary","Christina","2024-10-17","2"
"James","Ralph","2024-10-12","2"
"Mary","Jackson","2024-10-09","2"
"James","Walter","2024-10-23","2"
"John","Johnson","2024-10-27","2"
"James","Samuel","2024-10-19","2"
"Mary","Roger","2024-10-22","2"
"Mary","Terry","2024-10-29","2"
"Mary","Megan","2024-10-29","2"
"James","Virginia","2024-10-20","2"
"Mary","Wilson","2024-10-25","2"
"James","Samuel","2024-10-26","2"
"Mary","Victoria","2024-10-19","2"
"James","Rose","2024-11-01","2"
"Mary","Moore","2024-10-28","2"
"James","Gonzalez","2024-10-25","2"
"James","Douglas","2024-10-15","2"
"James","Maria","2024-10-25","2"
"Mary","Abigail","2024-11-02","2"
"James","Lauren","2024-10-23","2"
"Mary","Moore","2024-10-24","2"
"James","Rose","2024-10-17","2"
"James","Dennis","2024-10-04","2"
"Mary","Lawrence","2024-10-08","2"
"Mary","Dorothy","2024-10-26","2"
"James","Thomas","2024-10-20","2"
"James","Victoria","2024-11-01","2"
"James","Evelyn","2024-11-04","2"
"James","Williams","2024-10-10","2"
"James","Lauren","2024-10-13","2"
"James","Henry","2024-10-29","2"
"Mary","Abigail","2024-10-13","2"
"Mary","Keith","2024-10-22","2"
"Mary","Lawrence","2024-10-25","2"
"John","Virginia","2024-10-12","2"
"James","Gerald","2024-10-17","2"
"John","Terry","2024-10-02","2"
"John","Christina","2024-11-03","2"
"James","Bruce","2024-10-27","2"
"James","Philip","2024-10-10","2"
"Mary","Abigail","2024-10-20","2"
"John","Adam","2024-10-21","2"
"John","Evelyn","2024-10-27","2"
"James","Thomas","2024-10-27","2"
"James","Anderson","2024-10-04","2"
"James","Virginia","2024-10-28","2"
"James","Natalie","2024-10-22","2"
"John","Moore","2024-10-27","2"
"James","Scott","2024-10-07","2"
"James","Moore","2024-10-09","2"
"James","Alice","2024-10-23","2"
"John","Douglas","2024-10-11","2"
"Mary","Ralph","2024-10-11","2"
"Mary","Roger","2024-10-29","2"
"Mary","Keith","2024-10-11","2"
"Mary","Anderson","2024-10-31","2"
"Mary","Alice","2024-10-12","2"
"Mary","Terry","2024-11-02","2"
"John","Adam","2024-10-05","2"
"Mary","Keith","2024-10-01","2"
"James","Martin","2024-10-04","2"
"James","Wayne","2024-10-09","2"
"James","Garcia","2024-10-28","2"
"James","Raymond","2024-11-04","2"
"James","Peter","2024-10-23","2"
"John","Moore","2024-10-06","2"
"Mary","Smith","2024-11-02","2"
"James","Ralph","2024-11-03","2"
"Mary","Wayne","2024-10-06","2"
"Mary","Jones","2024-10-06","2"
"James","Maria","2024-10-22","2"
"Mary","Peter","2024-10-05","2"
"Mary","Anna","2024-10-24","2"
"Mary","Jones","2024-10-02","2"
"James","Benjamin","2024-10-08","2"
"James","Anderson","2024-10-25","2"
"James","Philip","2024-10-23","2"
"John","Diana","2024-10-02","2"
"James","Lawrence","2024-10-17","2"
"Mary","Scott","2024-10-03","2"
"Mary","Harold","2024-11-03","2"
"John","Adam","2024-10-20","2"
"John","Megan","2024-10-05","2"
"Mary","Jane","2024-10-02","2"
"Mary","Julia","2024-10-08","2"
"Mary","Keith","2024-10-29","2"
"John","Johnson","2024-10-28","2"
"Mary","Evelyn","2024-10-25","2"
"Mary","Anna","2024-10-30","2"
"Mary","Peter","2024-10-17","2"
"Mary","Ralph","2024-10-07","2"
"James","Gregory","2024-10-13","2"
"Mary","Jackson","2024-10-17","2"
"Mary","Dennis","2024-10-22","2"
"James","Dennis","2024-10-26","2"
"Mary","Amy","2024-10-24","2"
"John","Gonzalez","2024-10-28","2"
"Mary","Gerald","2024-10-09","2"
"James","Victoria","2024-10-06","2"
"James","Gregory","2024-10-11","2"
"John","Christina","2024-10-23","2"
"James","Natalie","2024-10-17","2"
"Mary","Virginia","2024-10-07","2"
"James","Anna","2024-10-19","2"
"Mary","Natalie","2024-10-07","2"
"Mary","Terry","2024-11-01","2"
"Mary","Lauren","2024-10-29","2"
"Mary","Jackson","2024-10-11","2"
"James","Alice","2024-10-23","2"
"John","Gerald","2024-10-15","2"
"James","Samuel","2024-10-28","2"
"Mary","Lopez","2024-10-01","2"
"James","Thomas","2024-10-12","2"
"John","Sophia","2024-10-25","2"
"James","Amy","2024-10-23","2"
"Mary","Madison","2024-10-01","2"
"James","Isabella","2024-10-07","2"
"James","Nicole","2024-10-09","2"
"Mary","Garcia","2024-10-02","2"
"John","Ruth","2024-10-10","2"
"Mary","Wayne","2024-10-22","2"
"Mary","Wayne","2024-11-03","2"
"Mary","Brown","2024-10-11","2"
"Mary","Ralph","2024-10-15","2"
"James","Judith","2024-10-26","2"
"Mary","Alexander","2024-10-06","2"
"Mary","Arthur","2024-11-03","2"
"Mary","Garcia","2024-10-08","2"
"John","Raymond","2024-10-28","2"
"James","Isabella","2024-10-02","2"
"James","Moore","2024-10-26","2"
"Mary","Roger","2024-10-13","2"
"Mary","Wayne","2024-10-29","2"
"Mary","Isabella","2024-10-30","2"
"Mary","Abigail","2024-10-14","2"
"John","Anderson","2024-10-09","2"
"Mary","Christina","2024-10-31","2"
"Mary","Wilson","2024-10-02","2"
"James","Nicole","2024-10-11","2"
"James","Gonzalez","2024-10-11","2"
"James","Nicole","2024-10-21","2"
"John","Amy","2024-10-12","2"
"Mary","Brown","2024-10-01","2"
"James","Benjamin","2024-10-13","2"
"Mary","Madison","2024-10-26","2"
"James","Hernandez","2024-10-12","2"
"James","Sophia","2024-11-03","2"
"Mary","Victoria","2024-10-19","2"
"John","Lauren","2024-10-25","2"
"James","Thomas","2024-10-23","2"
"John","Cynthia","2024-10-30","2"
"Mary","Moore","2024-10-13","2"
"James","Victoria","2024-10-10","2"
"John","Grace","2024-10-12","2"
"James","Jackson","2024-10-18","2"
"James","Peter","2024-10-27","2"
"James","Brown","2024-10-24","2"
"James","Madison","2024-10-19","2"
"Mary","Gregory","2024-10-24","2"
"John","Brown","2024-10-19","2"
"John","Rodriguez","2024-10-06","2"
"Mary","Walter","2024-10-14","2"
"John","Gerald","2024-10-10","2"
"John","Rodriguez","2024-10-08","2"
"Mary","Philip","2024-10-29","2"
"Mary","Thomas","2024-10-28","2"
"John","Julia","2024-10-07","2"
"John","Williams","2024-10-02","2"
"James","Lopez","2024-10-30","2"
"James","Virginia","2024-10-28","2"
